[
  {
    "version_id": "81",
    "version_name": "3.2.1.115-G",
    "status": [
      "Released",
      "Active",
      "Not Restricted"
    ],
    "release_date": "2023-05-03",
    "host_sw_version_name": "3.3.0.101",
    "device_model": "casia g"
  },
  {
    "version_id": "80",
    "version_name": "3.2.0.111-GX",
    "status": [
      "Pre-Release",
      "Active",
      "Not Restricted"
    ],
    "release_date": "2023-03-25",
    "host_sw_version_name": "3.3.0.101",
    "device_model": "casia gx"
  },
  {
    "version_id": "79",
    "version_name": "3.2.0.111-G",
    "status": [
      "Released",
      "Active",
      "Not Restricted"
    ],
    "release_date": "2023-03-25",
    "host_sw_version_name": "3.3.0.101",
    "device_model": "casia g"
  },
  {
    "version_id": "73",
    "version_name": "3.1.0.102-GX",
    "status": [
      "Released",
      "Active",
      "Not Restricted"
    ],
    "release_date": "2022-12-22",
    "host_sw_version_name": "3.2.0.99",
    "device_model": "casia gx"
  },
  {
    "version_id": "72",
    "version_name": "3.1.0.102-G",
    "status": [
      "Released",
      "Active",
      "Not Restricted"
    ],
    "release_date": "2022-12-22",
    "host_sw_version_name": "3.2.0.99",
    "device_model": "casia g"
  },
  {
    "version_id": "71",
    "version_name": "3.0.1.98-GX",
    "status": [
      "Released",
      "Active",
      "Not Restricted"
    ],
    "release_date": "2022-11-02",
    "host_sw_version_name": "3.1.0.90",
    "device_model": "casia gx"
  },
  {
    "version_id": "70",
    "version_name": "3.0.1.98-G",
    "status": [
      "Released",
      "Active",
      "Not Restricted"
    ],
    "release_date": "2022-11-02",
    "host_sw_version_name": "3.1.0.90",
    "device_model": "casia g"
  },
  {
    "version_id": "69",
    "version_name": "3.0.0.95-G",
    "status": [
      "Released",
      "Inactive",
      "Not Restricted"
    ],
    "release_date": "2022-10-19",
    "host_sw_version_name": "3.1.0.90",
    "device_model": "casia g"
  },
  {
    "version_id": "68",
    "version_name": "3.0.0.95-GX",
    "status": [
      "Released",
      "Inactive",
      "Not Restricted"
    ],
    "release_date": "2022-10-19",
    "host_sw_version_name": "3.1.0.90",
    "device_model": "casia gx"
  },
  {
    "version_id": "67",
    "version_name": "2.4.1.46-I",
    "status": [
      "Released",
      "Active",
      "Not Restricted"
    ],
    "release_date": "2022-10-18",
    "host_sw_version_name": "3.0.2.79",
    "device_model": "casia i"
  },
  {
    "version_id": "66",
    "version_name": "2.4.1.96-X",
    "status": [
      "Released",
      "Active",
      "Not Restricted"
    ],
    "release_date": "2022-10-18",
    "host_sw_version_name": "3.0.2.79",
    "device_model": "casia x"
  },
  {
    "version_id": "63",
    "version_name": "2.4.0.78-G",
    "status": [
      "Released",
      "Active",
      "Not Restricted"
    ],
    "release_date": "2022-07-28",
    "host_sw_version_name": "3.0.2.79",
    "device_model": "casia g"
  },
  {
    "version_id": "61",
    "version_name": "2.4.0.78-GX",
    "status": [
      "Released",
      "Active",
      "Not Restricted"
    ],
    "release_date": "2022-06-30",
    "host_sw_version_name": "3.0.2.79",
    "device_model": "casia gx"
  },
  {
    "version_id": "60",
    "version_name": "2.4.0.78-X",
    "status": [
      "Released",
      "Active",
      "Not Restricted"
    ],
    "release_date": "2022-08-24",
    "host_sw_version_name": "3.0.2.79",
    "device_model": "casia x"
  },
  {
    "version_id": "59",
    "version_name": "2.4.0.45-I",
    "status": [
      "Released",
      "Active",
      "Not Restricted"
    ],
    "release_date": "2022-08-24",
    "host_sw_version_name": "3.0.2.79",
    "device_model": "casia i"
  },
  {
    "version_id": "58",
    "version_name": "2.4.0.45-GI",
    "status": [
      "Released",
      "Active",
      "Not Restricted"
    ],
    "release_date": "2022-06-23",
    "host_sw_version_name": "3.0.2.79",
    "device_model": "casia gi"
  },
  {
    "version_id": "41",
    "version_name": "2.3.0.24-I",
    "status": [
      "Released",
      "Active",
      "Not Restricted"
    ],
    "release_date": "2022-02-10",
    "host_sw_version_name": "2.2.1.124",
    "device_model": "casia i"
  },
  {
    "version_id": "40",
    "version_name": "2.3.0.50-X",
    "status": [
      "Released",
      "Active",
      "Not Restricted"
    ],
    "release_date": "2022-02-10",
    "host_sw_version_name": "2.2.1.124",
    "device_model": "casia x"
  },
  {
    "version_id": "34",
    "version_name": "2.2.0.12-X",
    "status": [
      "Released",
      "Active",
      "Not Restricted"
    ],
    "release_date": "2021-08-27",
    "host_sw_version_name": [
      "2.2.0.118",
      "2.2.1.124"
    ],
    "device_model": "casia x"
  },
  {
    "version_id": "33",
    "version_name": "2.2.0.17-I",
    "status": [
      "Released",
      "Active",
      "Not Restricted"
    ],
    "release_date": "2021-08-27",
    "host_sw_version_name": [
      "2.2.0.118",
      "2.2.1.124"
    ],
    "device_model": "casia i"
  },
  {
    "version_id": "30",
    "version_name": "2.1.0.36-I",
    "status": [
      "Released",
      "Active",
      "Not Restricted"
    ],
    "release_date": "2021-06-08",
    "host_sw_version_name": "2.1.0.103",
    "device_model": "casia i"
  },
  {
    "version_id": "29",
    "version_name": "2.1.0.49-X",
    "status": [
      "Released",
      "Active",
      "Not Restricted"
    ],
    "release_date": "2021-06-08",
    "host_sw_version_name": "2.1.0.103",
    "device_model": "casia x"
  },
  {
    "version_id": "19",
    "version_name": "2.0.0.18",
    "status": [
      "Released",
      "Active",
      "Restricted"
    ],
    "release_date": "2020-12-22",
    "host_sw_version_name": "2.0.0",
    "device_model": "casia i"
  },
  {
    "version_id": "18",
    "version_name": "1.0.2.8",
    "status": [
      "Released",
      "Active",
      "Not Restricted"
    ],
    "release_date": "2020-10-15",
    "host_sw_version_name": "1.0.0.0",
    "device_model": "casia i"
  },
  {
    "version_id": "17",
    "version_name": "1.0.0.120",
    "status": [
      "Released",
      "Active",
      "Not Restricted"
    ],
    "release_date": "2020-03-17",
    "host_sw_version_name": "1.0.0.0",
    "device_model": "casia i"
  },
  {
    "version_id": "16",
    "version_name": "0.21.2.89",
    "status": [
      "Released",
      "Active",
      "Not Restricted"
    ],
    "release_date": "2020-02-05",
    "host_sw_version_name": "rc-0.20.0",
    "device_model": "casia i"
  },
  {
    "version_id": "15",
    "version_name": "0.21.1.87",
    "status": [
      "Released",
      "Inactive",
      "Not Restricted"
    ],
    "release_date": "2020-02-05",
    "host_sw_version_name": "rc-0.20.0",
    "device_model": "casia i"
  },
  {
    "version_id": "14",
    "version_name": "0.21.0.85",
    "status": [
      "Released",
      "Inactive",
      "Not Restricted"
    ],
    "release_date": "2020-02-05",
    "host_sw_version_name": "rc-0.20.0",
    "device_model": "casia i"
  },
  {
    "version_id": "13",
    "version_name": "0.20.1.78",
    "status": [
      "Released",
      "Active",
      "Not Restricted"
    ],
    "release_date": "2020-02-05",
    "host_sw_version_name": "rc-0.20.0",
    "device_model": "casia i"
  },
  {
    "version_id": "12",
    "version_name": "0.20.0.74",
    "status": [
      "Released",
      "Inactive",
      "Not Restricted"
    ],
    "release_date": "2020-02-05",
    "host_sw_version_name": "rc-0.20.0",
    "device_model": "casia i"
  },
  {
    "version_id": "11",
    "version_name": "0.19.0.64",
    "status": [
      "Released",
      "Active",
      "Not Restricted"
    ],
    "release_date": "2020-02-05",
    "host_sw_version_name": "rc-0.20.0",
    "device_model": "casia i"
  },
  {
    "version_id": "10",
    "version_name": "0.18.0.56",
    "status": [
      "Released",
      "Active",
      "Not Restricted"
    ],
    "release_date": "2020-02-05",
    "host_sw_version_name": "0.17.1.0",
    "device_model": "casia i"
  },
  {
    "version_id": "1",
    "version_name": "0.17.0.0",
    "status": [
      "Released",
      "Active",
      "Not Restricted"
    ],
    "release_date": "2020-02-05",
    "host_sw_version_name": "0.17.1.0",
    "device_model": "casia i"
  }
]
